{"cameraMode":{"drawMode":0,"name":"Shaded","section":"Shading Mode"},"sceneLighting":false,"audioPlay":false,"sceneViewState":{"m_AlwaysRefresh":false,"showFog":true,"showSkybox":true,"showFlares":true,"showImageEffects":true,"showParticleSystems":true,"showVisualEffectGraphs":true,"m_FxEnabled":false},"in2DMode":false,"pivot":{"x":-8.005014419555664,"y":12.234380722045899,"z":-0.5799999237060547},"rotation":{"x":0.016544509679079057,"y":0.9673368334770203,"z":-0.24442481994628907,"w":0.06539032608270645},"size":2.961552619934082,"orthographic":false}