{"cameraMode":{"drawMode":0,"name":"Shaded","section":"Shading Mode"},"sceneLighting":false,"audioPlay":false,"sceneViewState":{"m_AlwaysRefresh":false,"showFog":true,"showSkybox":false,"showFlares":true,"showImageEffects":true,"showParticleSystems":true,"showVisualEffectGraphs":true,"m_FxEnabled":true},"in2DMode":false,"pivot":{"x":6.699317932128906,"y":3.632274627685547,"z":17.489906311035158},"rotation":{"x":0.19493235647678376,"y":-0.14215175807476045,"z":0.028563469648361207,"w":0.9700490832328796},"size":41.26239776611328,"orthographic":false}