{"cameraMode":{"drawMode":0,"name":"Shaded","section":"Shading Mode"},"sceneLighting":true,"audioPlay":false,"sceneViewState":{"m_AlwaysRefresh":false,"showFog":true,"showSkybox":false,"showFlares":true,"showImageEffects":true,"showParticleSystems":true,"showVisualEffectGraphs":true,"m_FxEnabled":true},"in2DMode":false,"pivot":{"x":-0.15601062774658204,"y":12.699651718139649,"z":-1.256052017211914},"rotation":{"x":0.05855390056967735,"y":0.9403665661811829,"z":-0.21256646513938905,"w":0.25904127955436709},"size":104.64292907714844,"orthographic":false}