{"cameraMode":{"drawMode":0,"name":"Shaded","section":"Shading Mode"},"sceneLighting":true,"audioPlay":false,"sceneViewState":{"showFog":true,"showMaterialUpdate":false,"showSkybox":true,"showFlares":true,"showImageEffects":true,"showParticleSystems":true},"in2DMode":false,"pivot":{"x":-4.525358200073242,"y":-6.974292755126953,"z":3.5570907592773439},"rotation":{"x":-0.3106960952281952,"y":0.2953599989414215,"z":-0.10208187252283097,"w":-0.8981924653053284},"size":51.32672119140625,"orthographic":false}